"Import_date";"1C_ID_OBJECT";"1C_ID_PODR";"1C_ID_CONTR";"1C_ID_LOT";"DocID";"DocDescription";"InternalID";"CreationDate";"DocNumber";"KrState";"KrStateID";"CONTRID";"CONTR";"KindID";"KindName";"Name";"ObjectID";"ObjectName";"Lot"
14.04.2026;0feb8a44-a0f4-11ef-af7f-0050560209d5;4cb920ca-b0cf-11f0-a55a-005056026d24;52ea6a40-16d6-11f1-a55c-005056026d24;;3c45c0c4-219e-4905-acfa-bb1dcbcc0c99;№УтепДокл-1 от 13.04.2026 Комплект ИД;№УтепДокл-1;13.04.2026 03:00:00;125;На согласовании;1;ade8f5f2-3e06-4265-a99b-5df28ec3fba3;АЛЬФА С ООО;6b50bbf7-9383-4eb6-8451-7c27e98cf7fe;Комплект ИД;"Устройство утеплителя доклевеллеров в осях 6/3-7/И; 5-5/1И;4/3-5/И; 3-3/1/И; 2/3-3/И; 8-8/1И";28efbbf0-238e-4144-9871-f3e90c4d2200;Дмитровский I;
14.04.2026;0feb8a44-a0f4-11ef-af7f-0050560209d5;4cb920ca-b0cf-11f0-a55a-005056026d24;52ea6a40-16d6-11f1-a55c-005056026d24;;c684595b-3256-4dc6-b266-5185252affb8;№ГидДокл-1 от 02.04.2026 Комплект ИД;№ГидДокл-1;13.04.2026 03:00:00;124;На согласовании;1;ade8f5f2-3e06-4265-a99b-5df28ec3fba3;АЛЬФА С ООО;6b50bbf7-9383-4eb6-8451-7c27e98cf7fe;Комплект ИД;"Устройство обмазочной гидроизоляции доклевеллеров в осях 6/3-7/И; 5-5/1И;4/3-5/И; 3-3/1/И; 2/3-3/И; 8-8/1И";28efbbf0-238e-4144-9871-f3e90c4d2200;Дмитровский I;
14.04.2026;0feb8a44-a0f4-11ef-af7f-0050560209d5;4cb920ca-b0cf-11f0-a55a-005056026d24;52ea6a40-16d6-11f1-a55c-005056026d24;;9cae1b58-1187-4211-8e9c-0affce21e674;№Докл-1 от 02.04.2026 Комплект ИД;№Докл-1;13.04.2026 03:00:00;123;На согласовании;1;ade8f5f2-3e06-4265-a99b-5df28ec3fba3;АЛЬФА С ООО;6b50bbf7-9383-4eb6-8451-7c27e98cf7fe;Комплект ИД;"Монтаж фундаментной плиты П-1; Монтаж доклевеллеров ДК-1 в осях 6/3-7/И; 5-5/1И;4/3-5/И; 3-3/1/И; 2/3-3/И;";28efbbf0-238e-4144-9871-f3e90c4d2200;Дмитровский I;
14.04.2026;0feb8a44-a0f4-11ef-af7f-0050560209d5;4cb920ca-b0cf-11f0-a55a-005056026d24;52ea6a40-16d6-11f1-a55c-005056026d24;;85a6da28-c61d-4dbf-81a1-1f0949d28753;№ДоклПес-1 от 02.04.2026 Комплект ИД;№ДоклПес-1;13.04.2026 03:00:00;122;На согласовании;1;ade8f5f2-3e06-4265-a99b-5df28ec3fba3;АЛЬФА С ООО;6b50bbf7-9383-4eb6-8451-7c27e98cf7fe;Комплект ИД;"Устройство песчаного основания фундамента ДК-1 в осях 6/3-7/И; 5-5/1И;4/3-5/И; 3-3/1/И; 2/3-3/И; 8-8/1И";28efbbf0-238e-4144-9871-f3e90c4d2200;Дмитровский I;
14.04.2026;0feb8a44-a0f4-11ef-af7f-0050560209d5;4cb920ca-b0cf-11f0-a55a-005056026d24;52ea6a40-16d6-11f1-a55c-005056026d24;;3da06c34-ef5d-43b0-9cc2-e671c4abdb83;№ГидЦП-1 от 02.04.2026 Комплект ИД;№ГидЦП-1;09.04.2026 03:00:00;121;Проект;0;ade8f5f2-3e06-4265-a99b-5df28ec3fba3;АЛЬФА С ООО;6b50bbf7-9383-4eb6-8451-7c27e98cf7fe;Комплект ИД;"Устройство обмазочной гидроизоляции цокольных панелей в 2 слоя в осях 1-1/2/К; 2/2-8/1/И-К; 8/1-9/2/И-К;";28efbbf0-238e-4144-9871-f3e90c4d2200;Дмитровский I;
14.04.2026;0feb8a44-a0f4-11ef-af7f-0050560209d5;4cb920ca-b0cf-11f0-a55a-005056026d24;52ea6a40-16d6-11f1-a55c-005056026d24;;6bbfa44d-2107-4cf6-9b9f-5272a291cd04;№Задел.Ш.ЦП-1 от 02.04.2026 Комплект ИД;№Задел.Ш.ЦП-1;09.04.2026 03:00:00;120;Проект;0;ade8f5f2-3e06-4265-a99b-5df28ec3fba3;АЛЬФА С ООО;6b50bbf7-9383-4eb6-8451-7c27e98cf7fe;Комплект ИД;"Заделка швов цокольных панелей в осях 1-1/2/К; 2/2-8/1/И-К; 8/1-9/2/И-К; 10/2-13/2/К";28efbbf0-238e-4144-9871-f3e90c4d2200;Дмитровский I;
14.04.2026;0feb8a44-a0f4-11ef-af7f-0050560209d5;4cb920ca-b0cf-11f0-a55a-005056026d24;52ea6a40-16d6-11f1-a55c-005056026d24;;bc156f59-a76e-44ed-a595-36207f2e51c8;№ЦП-1 от 02.04.2026 Комплект ИД;№ЦП-1;09.04.2026 03:00:00;119;Проект;0;ade8f5f2-3e06-4265-a99b-5df28ec3fba3;АЛЬФА С ООО;6b50bbf7-9383-4eb6-8451-7c27e98cf7fe;Комплект ИД;"Монтаж цокольных панелей в осях 1-1/2/К; 2/2-8/1/И-К; 8/1-9/2/И-К; 10/2-13/2/К";28efbbf0-238e-4144-9871-f3e90c4d2200;Дмитровский I;
14.04.2026;0feb8a44-a0f4-11ef-af7f-0050560209d5;4cb920ca-b0cf-11f0-a55a-005056026d24;52ea6a40-16d6-11f1-a55c-005056026d24;;f476ac39-8d89-4d58-8fcc-065f301113b6;"№ФПл-1; №ФПл-1 от 02.04.2026 Комплект ИД";"№ФПл-1; №ФПл-1";09.04.2026 03:00:00;118;Проект;0;ade8f5f2-3e06-4265-a99b-5df28ec3fba3;АЛЬФА С ООО;6b50bbf7-9383-4eb6-8451-7c27e98cf7fe;Комплект ИД;"Бетонирование фундаментной плиты пристройки, приямок Пр-3, Пр-4 в осях 21 / Г-Е";28efbbf0-238e-4144-9871-f3e90c4d2200;Дмитровский I;
14.04.2026;0feb8a44-a0f4-11ef-af7f-0050560209d5;4cb920ca-b0cf-11f0-a55a-005056026d24;52ea6a40-16d6-11f1-a55c-005056026d24;;ad4ff948-d60d-4888-9a2d-8e88208e63e8;№КР-1-5 от 02.04.2026 Комплект ИД;№КР-1-5;09.04.2026 03:00:00;117;Проект;0;ade8f5f2-3e06-4265-a99b-5df28ec3fba3;АЛЬФА С ООО;6b50bbf7-9383-4eb6-8451-7c27e98cf7fe;Комплект ИД;Устройство пирога кровли;28efbbf0-238e-4144-9871-f3e90c4d2200;Дмитровский I;
14.04.2026;0feb8a44-a0f4-11ef-af7f-0050560209d5;4cb920ca-b0cf-11f0-a55a-005056026d24;52ea6a40-16d6-11f1-a55c-005056026d24;;7ef225fb-81ed-44a3-95a8-e3304ceda88f;№ ГидФ-8 от 02.04.2026 Комплект ИД;№ ГидФ-8;09.04.2026 03:00:00;116;На согласовании;1;ade8f5f2-3e06-4265-a99b-5df28ec3fba3;АЛЬФА С ООО;6b50bbf7-9383-4eb6-8451-7c27e98cf7fe;Комплект ИД;"Устройство обмазочной гидроизоляции сборного фундамента в два слоя в осях 12/1-13/3/И-К; 13-14/А; 15/3-16/К;";28efbbf0-238e-4144-9871-f3e90c4d2200;Дмитровский I;
14.04.2026;0feb8a44-a0f4-11ef-af7f-0050560209d5;4cb920ca-b0cf-11f0-a55a-005056026d24;52ea6a40-16d6-11f1-a55c-005056026d24;;eb9fb279-9b60-4752-87f1-937ce43eb5ed;№ Пес-9 от 02.04.2026 Комплект ИД;№ Пес-9;09.04.2026 03:00:00;115;На доработке;4;ade8f5f2-3e06-4265-a99b-5df28ec3fba3;АЛЬФА С ООО;6b50bbf7-9383-4eb6-8451-7c27e98cf7fe;Комплект ИД;"Устройство песчаного основания под фундаменты в осях 12/1-13/3/И-К; 13-14/А; 15/3-16/К; 16-17/А; 16-21/Б; 18-";28efbbf0-238e-4144-9871-f3e90c4d2200;Дмитровский I;
14.04.2026;0feb8a44-a0f4-11ef-af7f-0050560209d5;4cb920ca-b0cf-11f0-a55a-005056026d24;52ea6a40-16d6-11f1-a55c-005056026d24;;b4fc0c2b-1ed5-42c3-9a5c-88df8a8e1084;№ Ф-9 от 02.04.2026 Комплект ИД;№ Ф-9;09.04.2026 03:00:00;114;Проект;0;ade8f5f2-3e06-4265-a99b-5df28ec3fba3;АЛЬФА С ООО;6b50bbf7-9383-4eb6-8451-7c27e98cf7fe;Комплект ИД;"Монтаж сборного фундамента в осях 12/1-13/3/И-К; 13-14/А; 15/3-16/К; 16-17/А; 16-21/Б; 18-18/3/И-К; 19/1-21/И-";28efbbf0-238e-4144-9871-f3e90c4d2200;Дмитровский I;
14.04.2026;b41a9834-3a94-11ee-8bdc-0050560209df;2b696512-d445-11f0-a55a-005056026d24;f26acbaf-d445-11f0-a55a-005056026d24;;25d3469c-0552-4981-b0a4-9e610ec3b077;"КС2,3 от 06.04.26. от 06.04.2026 Комплект ИД";"КС2,3 от 06.04.26.";06.04.2026 03:00:00;113;На доработке;4;1b516353-25c9-4fc8-ad82-d7b0a893dc3a;М2 ИНЖИНИРИНГ ООО;6b50bbf7-9383-4eb6-8451-7c27e98cf7fe;Комплект ИД;"Акты выполненных работ КС-2,3 от 06.04.2026г.";bc5d5e62-6671-4cbd-84e1-0c85dd9c05c2;Есипово V;
14.04.2026;b41a9834-3a94-11ee-8bdc-0050560209df;2b696512-d445-11f0-a55a-005056026d24;f26acbaf-d445-11f0-a55a-005056026d24;;73a2e663-a796-4c1c-9404-19d888bc873f;№3 от 06.04.2026 Комплект ИД;№3;06.04.2026 03:00:00;112;На доработке;4;1b516353-25c9-4fc8-ad82-d7b0a893dc3a;М2 ИНЖИНИРИНГ ООО;6b50bbf7-9383-4eb6-8451-7c27e98cf7fe;Комплект ИД;"Исполнительная документация по фундаментам и колоннам-фундаментам, +ГРО";bc5d5e62-6671-4cbd-84e1-0c85dd9c05c2;Есипово V;
14.04.2026;b41a9834-3a94-11ee-8bdc-0050560209df;cd482ca4-c072-11f0-a55a-005056026d24;01de8482-28ec-11f1-a55c-005056026d24;;9fc26865-796a-4c09-a9b3-3e760e7768f4;44 от 01.04.2026 Предписания;44;06.04.2026 03:00:00;111;Проект;0;0d9a4788-df37-4fc7-af66-298e4c71b06f;СК СТРОЙМОНТАЖ ООО;347986da-8964-4307-8973-28c22842005c;Предписания;Водопонижение на участке 1;bc5d5e62-6671-4cbd-84e1-0c85dd9c05c2;Есипово V;
14.04.2026;b41a9834-3a94-11ee-8bdc-0050560209df;6293853e-0688-11f1-a55c-005056026d24;a695351d-0688-11f1-a55c-005056026d24;;32b99808-ec7c-4a6e-813a-ef9d65e641a6;4/Е5/А/КЖ4 от 02.04.2026 Комплект ИД;4/Е5/А/КЖ4;02.04.2026 03:00:00;110;На согласовании;1;57ce9bed-d183-4216-8eaf-e878da5caec2;ПРОФИ СТРОЙ ООО;6b50bbf7-9383-4eb6-8451-7c27e98cf7fe;Комплект ИД;Демонтаж колоны-фундамента и бетонной подготовки в осях 4/Д с отм. -2.950 до отм. +9.350. Блок А;bc5d5e62-6671-4cbd-84e1-0c85dd9c05c2;Есипово V;
14.04.2026;b41a9834-3a94-11ee-8bdc-0050560209df;6293853e-0688-11f1-a55c-005056026d24;c2313d51-0725-11f1-a55c-005056026d24;;21d0e258-7855-43a2-8ab9-92ba054f197d;1/Е5/G/КЖ4 от 02.04.2026 Комплект ИД;1/Е5/G/КЖ4;02.04.2026 03:00:00;109;На согласовании;1;57ce9bed-d183-4216-8eaf-e878da5caec2;ПРОФИ СТРОЙ ООО;6b50bbf7-9383-4eb6-8451-7c27e98cf7fe;Комплект ИД;"Обратная засыпка местнм грунтом с послойным уплотнением фундаментов  в осях 1-4/А, 6-14/А, 1-12/Д, 14/Б-Г. Блок G";bc5d5e62-6671-4cbd-84e1-0c85dd9c05c2;Есипово V;
14.04.2026;b41a9834-3a94-11ee-8bdc-0050560209df;6293853e-0688-11f1-a55c-005056026d24;a695351d-0688-11f1-a55c-005056026d24;;647b2398-52e7-4f81-b956-ac0a7d9a8e06;9/Е5/А/КЖ4 от 02.04.2026 Комплект ИД;9/Е5/А/КЖ4;02.04.2026 03:00:00;108;На согласовании;1;57ce9bed-d183-4216-8eaf-e878da5caec2;ПРОФИ СТРОЙ ООО;6b50bbf7-9383-4eb6-8451-7c27e98cf7fe;Комплект ИД;"Обратная засыпка местнм грунтом с послойным уплотнением колон-фундаментов  в осях 2/Б-Д/1, 3/Б-Д, 4/В. Блок А";bc5d5e62-6671-4cbd-84e1-0c85dd9c05c2;Есипово V;
14.04.2026;b41a9834-3a94-11ee-8bdc-0050560209df;6293853e-0688-11f1-a55c-005056026d24;a695351d-0688-11f1-a55c-005056026d24;;18c437fc-753f-432a-9c63-df8b14719840;"АОСР 7/Е5/А/КЖ4, 8/Е5/А/КЖ4 от 02.04.2026 Комплект ИД";"АОСР 7/Е5/А/КЖ4, 8/Е5/А/КЖ4";02.04.2026 03:00:00;107;На согласовании;1;57ce9bed-d183-4216-8eaf-e878da5caec2;ПРОФИ СТРОЙ ООО;6b50bbf7-9383-4eb6-8451-7c27e98cf7fe;Комплект ИД;"Устройство гидроизоляции колон-фундаментов 1ый и 2ой слой в осях 3/Б-Д, 4/В";bc5d5e62-6671-4cbd-84e1-0c85dd9c05c2;Есипово V;
14.04.2026;b41a9834-3a94-11ee-8bdc-0050560209df;6293853e-0688-11f1-a55c-005056026d24;a695351d-0688-11f1-a55c-005056026d24;;e007d13d-c741-44d0-8b7f-500379f50ee1;5/Е5/А/КЖ4 от 02.04.2026 Комплект ИД;5/Е5/А/КЖ4;02.04.2026 03:00:00;106;На согласовании;1;57ce9bed-d183-4216-8eaf-e878da5caec2;ПРОФИ СТРОЙ ООО;6b50bbf7-9383-4eb6-8451-7c27e98cf7fe;Комплект ИД;"Монтаж колон-фундаментов в осях 3/Б-Д, 4/В с отм. -2.950 до отм. +9.350. Блок А";bc5d5e62-6671-4cbd-84e1-0c85dd9c05c2;Есипово V;
14.04.2026;b41a9834-3a94-11ee-8bdc-0050560209df;1244aa21-d445-11f0-a55a-005056026d24;696547a0-d4e0-11f0-a55a-005056026d24;;987838fd-dfa9-45f3-b3aa-7ccc64fa82e2;3-КЖ1-Е от 02.02.2026 Комплект ИД;3-КЖ1-Е;01.04.2026 03:00:00;105;Проект;0;68aed029-efce-4947-92db-4ccec28916cd;БИ ТУ БИ КОНСТРАКШЕН ООО;6b50bbf7-9383-4eb6-8451-7c27e98cf7fe;Комплект ИД;Конструкции железобетонные. Фундаменты. Блок Е.;bc5d5e62-6671-4cbd-84e1-0c85dd9c05c2;Есипово V;
14.04.2026;b41a9834-3a94-11ee-8bdc-0050560209df;1244aa21-d445-11f0-a55a-005056026d24;696547a0-d4e0-11f0-a55a-005056026d24;;1d0b430b-766d-4e0e-b2c7-ac1d328b40f2;1-КЖ4-Е от 13.02.2026 Комплект ИД;1-КЖ4-Е;01.04.2026 03:00:00;104;Проект;0;68aed029-efce-4947-92db-4ccec28916cd;БИ ТУ БИ КОНСТРАКШЕН ООО;6b50bbf7-9383-4eb6-8451-7c27e98cf7fe;Комплект ИД;Конструкции железобетонные. Колонны;bc5d5e62-6671-4cbd-84e1-0c85dd9c05c2;Есипово V;
14.04.2026;b41a9834-3a94-11ee-8bdc-0050560209df;1244aa21-d445-11f0-a55a-005056026d24;696547a0-d4e0-11f0-a55a-005056026d24;;f36c9957-f681-43cb-9b7f-3873b8d5b158;2-КЖ1-Е от 02.02.2026 Комплект ИД;2-КЖ1-Е;31.03.2026 03:00:00;103;Проект;0;68aed029-efce-4947-92db-4ccec28916cd;БИ ТУ БИ КОНСТРАКШЕН ООО;6b50bbf7-9383-4eb6-8451-7c27e98cf7fe;Комплект ИД;Конструкции железобетонные. Фундаменты. Блок Е.;bc5d5e62-6671-4cbd-84e1-0c85dd9c05c2;Есипово V;
14.04.2026;b41a9834-3a94-11ee-8bdc-0050560209df;1244aa21-d445-11f0-a55a-005056026d24;696547a0-d4e0-11f0-a55a-005056026d24;;f4fc9585-4b4b-4168-9346-dfe7c959f027;1-КЖ1-Е от 26.01.2026 Комплект ИД;1-КЖ1-Е;30.03.2026 03:00:00;102;Согласован;2;68aed029-efce-4947-92db-4ccec28916cd;БИ ТУ БИ КОНСТРАКШЕН ООО;6b50bbf7-9383-4eb6-8451-7c27e98cf7fe;Комплект ИД;Конструкции железобетонные. Фундаменты. Блок Е.;bc5d5e62-6671-4cbd-84e1-0c85dd9c05c2;Есипово V;
14.04.2026;0feb8a44-a0f4-11ef-af7f-0050560209d5;4cb920ca-b0cf-11f0-a55a-005056026d24;52ea6a40-16d6-11f1-a55c-005056026d24;;2481e706-10b7-4fe2-af9c-e6fae511f9a1;№Профл-3  от 13.03.2026 Комплект ИД;№Профл-3 ;27.03.2026 03:00:00;101;Согласован;2;ade8f5f2-3e06-4265-a99b-5df28ec3fba3;АЛЬФА С ООО;6b50bbf7-9383-4eb6-8451-7c27e98cf7fe;Комплект ИД;"Монтаж профилированного листа в осях 8-9 / А-И; 9-14 / А-И";28efbbf0-238e-4144-9871-f3e90c4d2200;Дмитровский I;
14.04.2026;0feb8a44-a0f4-11ef-af7f-0050560209d5;4cb920ca-b0cf-11f0-a55a-005056026d24;52ea6a40-16d6-11f1-a55c-005056026d24;;58269495-2a61-4b14-a032-dbda6a65f67b;№МК-6 от 13.03.2026 Комплект ИД;№МК-6;27.03.2026 03:00:00;100;На согласовании;1;ade8f5f2-3e06-4265-a99b-5df28ec3fba3;АЛЬФА С ООО;6b50bbf7-9383-4eb6-8451-7c27e98cf7fe;Комплект ИД;"Монтаж металлоконструкций АБК в осях 1-21/И-К; 3-19/А;  Монтаж металлоконструкций по верхним поясам ферм в осях 3-19/А";28efbbf0-238e-4144-9871-f3e90c4d2200;Дмитровский I;
14.04.2026;0feb8a44-a0f4-11ef-af7f-0050560209d5;4cb920ca-b0cf-11f0-a55a-005056026d24;52ea6a40-16d6-11f1-a55c-005056026d24;;d94a76cd-1df5-4e97-b17e-dd838aca3280;№ОбрЗас-6 от 13.03.2026 Комплект ИД;№ОбрЗас-6;27.03.2026 03:00:00;99;На согласовании;1;ade8f5f2-3e06-4265-a99b-5df28ec3fba3;АЛЬФА С ООО;6b50bbf7-9383-4eb6-8451-7c27e98cf7fe;Комплект ИД;"Устройство обратной засыпки в осях 14-15 / А-И; 16-20/А-Ж; 12-13/А-И";28efbbf0-238e-4144-9871-f3e90c4d2200;Дмитровский I;
14.04.2026;0feb8a44-a0f4-11ef-af7f-0050560209d5;4cb920ca-b0cf-11f0-a55a-005056026d24;52ea6a40-16d6-11f1-a55c-005056026d24;;72e978ac-eefe-42e4-989d-2fc44a92fbcd;№ГидФ-7 от 13.03.2026 Комплект ИД;№ГидФ-7;27.03.2026 03:00:00;98;На доработке;4;ade8f5f2-3e06-4265-a99b-5df28ec3fba3;АЛЬФА С ООО;6b50bbf7-9383-4eb6-8451-7c27e98cf7fe;Комплект ИД;"Устройство обмазочной гидроизоляции сборного фундамента в два слоя в осях 9-12/И-К; 14-18/А;";28efbbf0-238e-4144-9871-f3e90c4d2200;Дмитровский I;
14.04.2026;0feb8a44-a0f4-11ef-af7f-0050560209d5;4cb920ca-b0cf-11f0-a55a-005056026d24;52ea6a40-16d6-11f1-a55c-005056026d24;;6dba7172-b4fa-4724-8d32-530b3c1f23b8;№Ф-8 от 27.03.2026 Комплект ИД;№Ф-8;27.03.2026 03:00:00;97;Согласован;2;ade8f5f2-3e06-4265-a99b-5df28ec3fba3;АЛЬФА С ООО;6b50bbf7-9383-4eb6-8451-7c27e98cf7fe;Комплект ИД;"Монтаж сборного фундамента в осях 14-18/А; 9-12/И-К";28efbbf0-238e-4144-9871-f3e90c4d2200;Дмитровский I;
14.04.2026;0feb8a44-a0f4-11ef-af7f-0050560209d5;4cb920ca-b0cf-11f0-a55a-005056026d24;52ea6a40-16d6-11f1-a55c-005056026d24;;a000ee44-358c-45af-9360-3d8c965ccee6;№Пес-8 от 13.03.2026 Комплект ИД;№Пес-8;27.03.2026 03:00:00;96;Согласован;2;ade8f5f2-3e06-4265-a99b-5df28ec3fba3;АЛЬФА С ООО;6b50bbf7-9383-4eb6-8451-7c27e98cf7fe;Комплект ИД;"Устройство песчаного основания под фундаменты в осях 9-12/И-К; 14-18/А";28efbbf0-238e-4144-9871-f3e90c4d2200;Дмитровский I;
14.04.2026;0feb8a44-a0f4-11ef-af7f-0050560209d5;4cb920ca-b0cf-11f0-a55a-005056026d24;52ea6a40-16d6-11f1-a55c-005056026d24;;3d38eaa1-1435-433a-b790-0e6f430eb6ab;№Кот-5 от 13.03.2026 Комплект ИД;№Кот-5;27.03.2026 03:00:00;95;На согласовании;1;ade8f5f2-3e06-4265-a99b-5df28ec3fba3;АЛЬФА С ООО;6b50bbf7-9383-4eb6-8451-7c27e98cf7fe;Комплект ИД;Разработка грунта в осях 3-13 / А;28efbbf0-238e-4144-9871-f3e90c4d2200;Дмитровский I;
14.04.2026;0feb8a44-a0f4-11ef-af7f-0050560209d5;4cb920ca-b0cf-11f0-a55a-005056026d24;098a6250-16f6-11f1-a55c-005056026d24;;1ac845eb-6989-4407-a60b-2728e9842c7b;№ГидЦП-1 от 13.03.2026 Комплект ИД;№ГидЦП-1;27.03.2026 03:00:00;94;На доработке;4;ade8f5f2-3e06-4265-a99b-5df28ec3fba3;АЛЬФА С ООО;6b50bbf7-9383-4eb6-8451-7c27e98cf7fe;Комплект ИД;Устройство обмазочной гидроизоляции цокольных панелей на два слоя в осях 1-9 / А-Ж;28efbbf0-238e-4144-9871-f3e90c4d2200;Дмитровский I;
14.04.2026;0feb8a44-a0f4-11ef-af7f-0050560209d5;4cb920ca-b0cf-11f0-a55a-005056026d24;098a6250-16f6-11f1-a55c-005056026d24;;8daae3a5-3789-4502-bda0-7ada6c9c508f;№Подл. ЦП-1 от 13.03.2026 Комплект ИД;№Подл. ЦП-1;27.03.2026 03:00:00;93;Согласован;2;ade8f5f2-3e06-4265-a99b-5df28ec3fba3;АЛЬФА С ООО;6b50bbf7-9383-4eb6-8451-7c27e98cf7fe;Комплект ИД;Устройство бетонной подливки и заделка швов цокольных панелей в осях 1-9 / А-Ж;28efbbf0-238e-4144-9871-f3e90c4d2200;Дмитровский I;
14.04.2026;0feb8a44-a0f4-11ef-af7f-0050560209d5;4cb920ca-b0cf-11f0-a55a-005056026d24;098a6250-16f6-11f1-a55c-005056026d24;;1f3c5aa6-f3a9-411a-a57f-7c6405d26171;№АнКор-1 от 13.03.2026 Комплект ИД;№АнКор-1;27.03.2026 03:00:00;92;Согласован;2;ade8f5f2-3e06-4265-a99b-5df28ec3fba3;АЛЬФА С ООО;6b50bbf7-9383-4eb6-8451-7c27e98cf7fe;Комплект ИД;Нанесение антикоррозионной защиту закладных деталей при монтаже цокольных панелей в осях 1-9 / А-Ж;28efbbf0-238e-4144-9871-f3e90c4d2200;Дмитровский I;
14.04.2026;0feb8a44-a0f4-11ef-af7f-0050560209d5;4cb920ca-b0cf-11f0-a55a-005056026d24;098a6250-16f6-11f1-a55c-005056026d24;;9226fb13-e93b-4fc1-9af6-be5b7ae9d2c2;№ЦП-1 от 13.03.2026 Комплект ИД;№ЦП-1;27.03.2026 03:00:00;91;Согласован;2;ade8f5f2-3e06-4265-a99b-5df28ec3fba3;АЛЬФА С ООО;6b50bbf7-9383-4eb6-8451-7c27e98cf7fe;Комплект ИД;Монтаж цокольных панелей в осях 1-9 / А-Ж;28efbbf0-238e-4144-9871-f3e90c4d2200;Дмитровский I;
14.04.2026;b41a9834-3a94-11ee-8bdc-0050560209df;2b696512-d445-11f0-a55a-005056026d24;f26acbaf-d445-11f0-a55a-005056026d24;;06418f59-c552-4c17-beaf-8071e3ee0db6;;№2;27.03.2026 03:00:00;90;Отмена;5;1b516353-25c9-4fc8-ad82-d7b0a893dc3a;М2 ИНЖИНИРИНГ ООО;6b50bbf7-9383-4eb6-8451-7c27e98cf7fe;Комплект ИД;Исполнительная документация по колоннам;bc5d5e62-6671-4cbd-84e1-0c85dd9c05c2;Есипово V;
14.04.2026;b41a9834-3a94-11ee-8bdc-0050560209df;6293853e-0688-11f1-a55c-005056026d24;a695351d-0688-11f1-a55c-005056026d24;;d76a9437-83b0-4c7e-87c1-d7ae41c892da;3/Е5/А/КЖ4 от 27.03.2026 Комплект ИД;3/Е5/А/КЖ4;27.03.2026 03:00:00;89;На согласовании;1;57ce9bed-d183-4216-8eaf-e878da5caec2;ПРОФИ СТРОЙ ООО;6b50bbf7-9383-4eb6-8451-7c27e98cf7fe;Комплект ИД;;bc5d5e62-6671-4cbd-84e1-0c85dd9c05c2;Есипово V;
14.04.2026;b41a9834-3a94-11ee-8bdc-0050560209df;6293853e-0688-11f1-a55c-005056026d24;a695351d-0688-11f1-a55c-005056026d24;;ad2c3909-40e9-4315-b6f6-b3f2c9541fb9;2/Е5/А/КЖ4 от 27.03.2026 Комплект ИД;2/Е5/А/КЖ4;27.03.2026 03:00:00;88;На согласовании;1;57ce9bed-d183-4216-8eaf-e878da5caec2;ПРОФИ СТРОЙ ООО;6b50bbf7-9383-4eb6-8451-7c27e98cf7fe;Комплект ИД;Подливка баз колон-фундаментов в осях 2/Б-Д/1 на отм. -2.950. Блок А;bc5d5e62-6671-4cbd-84e1-0c85dd9c05c2;Есипово V;
14.04.2026;b41a9834-3a94-11ee-8bdc-0050560209df;6293853e-0688-11f1-a55c-005056026d24;a695351d-0688-11f1-a55c-005056026d24;;32f0fb54-9795-4939-b40e-d47de89f873d;1/Е5/А/КЖ4 от 27.03.2026 Комплект ИД;1/Е5/А/КЖ4;27.03.2026 03:00:00;87;На согласовании;1;57ce9bed-d183-4216-8eaf-e878da5caec2;ПРОФИ СТРОЙ ООО;6b50bbf7-9383-4eb6-8451-7c27e98cf7fe;Комплект ИД;Монтаж колон-фундаментов в осях 2/Б-Д/1 с отм. -2.950 до отм. +9.350. Блок А;bc5d5e62-6671-4cbd-84e1-0c85dd9c05c2;Есипово V;
14.04.2026;b41a9834-3a94-11ee-8bdc-0050560209df;cd482ca4-c072-11f0-a55a-005056026d24;d3a8434a-c072-11f0-a55a-005056026d24;;757b980f-1483-4171-9ced-eb3f2213f637;2 от 26.03.2026 Комплект ИД;2;26.03.2026 03:00:00;86;Согласован;2;0d9a4788-df37-4fc7-af66-298e4c71b06f;СК СТРОЙМОНТАЖ ООО;6b50bbf7-9383-4eb6-8451-7c27e98cf7fe;Комплект ИД;;bc5d5e62-6671-4cbd-84e1-0c85dd9c05c2;Есипово V;
14.04.2026;b41a9834-3a94-11ee-8bdc-0050560209df;2b696512-d445-11f0-a55a-005056026d24;f26acbaf-d445-11f0-a55a-005056026d24;;fcdfdb97-b75b-4d5f-9291-a5bd451c65a0;;№1;26.03.2026 03:00:00;85;Отмена;5;1b516353-25c9-4fc8-ad82-d7b0a893dc3a;М2 ИНЖИНИРИНГ ООО;6b50bbf7-9383-4eb6-8451-7c27e98cf7fe;Комплект ИД;Исполнительная документация по фундаментам;bc5d5e62-6671-4cbd-84e1-0c85dd9c05c2;Есипово V;
14.04.2026;b41a9834-3a94-11ee-8bdc-0050560209df;1244aa21-d445-11f0-a55a-005056026d24;696547a0-d4e0-11f0-a55a-005056026d24;;deb17fd9-8e56-42d0-ae65-de8302e0e697;1-КЖ1-Е от 26.01.2026 Комплект ИД;1-КЖ1-Е;26.03.2026 03:00:00;84;Проект;0;68aed029-efce-4947-92db-4ccec28916cd;БИ ТУ БИ КОНСТРАКШЕН ООО;6b50bbf7-9383-4eb6-8451-7c27e98cf7fe;Комплект ИД;Конструкции железобетонные. Фундаменты. Блок Е.;bc5d5e62-6671-4cbd-84e1-0c85dd9c05c2;Есипово V;
14.04.2026;b41a9834-3a94-11ee-8bdc-0050560209df;;;;9cec36ec-4f0e-4964-9031-2943d8ffefdf;43 от 23.03.2026 Предписания;43;24.03.2026 03:00:00;83;Проект;0;54165605-f641-4ce8-9f2f-1814e95a755f;"ООО ""Стройтраст""";347986da-8964-4307-8973-28c22842005c;Предписания;;bc5d5e62-6671-4cbd-84e1-0c85dd9c05c2;Есипово V;
14.04.2026;b41a9834-3a94-11ee-8bdc-0050560209df;;;;1d9cf500-08cf-46b2-a129-c676b5109933;42 от 23.03.2026 Предписания;42;24.03.2026 03:00:00;82;Проект;0;54165605-f641-4ce8-9f2f-1814e95a755f;"ООО ""Стройтраст""";347986da-8964-4307-8973-28c22842005c;Предписания;откачка воды;bc5d5e62-6671-4cbd-84e1-0c85dd9c05c2;Есипово V;
14.04.2026;b41a9834-3a94-11ee-8bdc-0050560209df;;;;bc089222-e758-4fa1-b6c0-f3734a971f3e;41 от 18.03.2026 Предписания;41;24.03.2026 03:00:00;81;Проект;0;54165605-f641-4ce8-9f2f-1814e95a755f;"ООО ""Стройтраст""";347986da-8964-4307-8973-28c22842005c;Предписания;водопонижение;bc5d5e62-6671-4cbd-84e1-0c85dd9c05c2;Есипово V;
14.04.2026;b41a9834-3a94-11ee-8bdc-0050560209df;cd482ca4-c072-11f0-a55a-005056026d24;d3a8434a-c072-11f0-a55a-005056026d24;;8c17c16c-d3fa-47bf-8a24-2f626c9141f1;2 от 23.03.2026 Комплект ИД;2;23.03.2026 03:00:00;80;Проект;0;0d9a4788-df37-4fc7-af66-298e4c71b06f;СК СТРОЙМОНТАЖ ООО;6b50bbf7-9383-4eb6-8451-7c27e98cf7fe;Комплект ИД;;bc5d5e62-6671-4cbd-84e1-0c85dd9c05c2;Есипово V;
14.04.2026;0feb8a44-a0f4-11ef-af7f-0050560209d5;4cb920ca-b0cf-11f0-a55a-005056026d24;931e3e30-b0cf-11f0-a55a-005056026d24;;d200a0ce-4aa9-4a29-baf5-a8483bf9afc6;ХСА-69 от 18.03.2026 Предписания;ХСА-69;19.03.2026 03:00:00;79;Проект;0;ade8f5f2-3e06-4265-a99b-5df28ec3fba3;АЛЬФА С ООО;347986da-8964-4307-8973-28c22842005c;Предписания;"Материалы, применяемые при строительстве (Металлоконструкции Блока А, профилированные листы Н114-750-1.0, арматура А500) складированы с нарушением правил хранения. ";28efbbf0-238e-4144-9871-f3e90c4d2200;Дмитровский I;
14.04.2026;b41a9834-3a94-11ee-8bdc-0050560209df;6293853e-0688-11f1-a55c-005056026d24;;;1dbca0be-a0f7-4c9c-87c9-a6b2cba0645b;40 от 16.03.2026 Предписания;40;16.03.2026 03:00:00;78;На ознакомлении;12;57ce9bed-d183-4216-8eaf-e878da5caec2;ПРОФИ СТРОЙ ООО;347986da-8964-4307-8973-28c22842005c;Предписания;;bc5d5e62-6671-4cbd-84e1-0c85dd9c05c2;Есипово V;
14.04.2026;b41a9834-3a94-11ee-8bdc-0050560209df;6293853e-0688-11f1-a55c-005056026d24;a695351d-0688-11f1-a55c-005056026d24;;8e8eb840-b745-4e82-856f-780431829495;1/Е5/А/КЖ1 от 12.03.2026 Комплект ИД;1/Е5/А/КЖ1;12.03.2026 03:00:00;77;На подписании;10;57ce9bed-d183-4216-8eaf-e878da5caec2;ПРОФИ СТРОЙ ООО;6b50bbf7-9383-4eb6-8451-7c27e98cf7fe;Комплект ИД;Котлованы под фундаменты. Раздел КЖ1;bc5d5e62-6671-4cbd-84e1-0c85dd9c05c2;Есипово V;
14.04.2026;b41a9834-3a94-11ee-8bdc-0050560209df;6293853e-0688-11f1-a55c-005056026d24;;;9d467b28-ed7d-48f9-93cd-ce62b642ff1c;39 от 11.03.2026 Предписания;39;11.03.2026 03:00:00;76;Проект;0;57ce9bed-d183-4216-8eaf-e878da5caec2;ПРОФИ СТРОЙ ООО;347986da-8964-4307-8973-28c22842005c;Предписания;;bc5d5e62-6671-4cbd-84e1-0c85dd9c05c2;Есипово V;
14.04.2026;b41a9834-3a94-11ee-8bdc-0050560209df;6293853e-0688-11f1-a55c-005056026d24;;;5b4f37d4-08a4-46da-8bea-b7cd25800fa7;39 от 11.03.2026 Предписания;39;11.03.2026 03:00:00;75;Снято;13;57ce9bed-d183-4216-8eaf-e878da5caec2;ПРОФИ СТРОЙ ООО;347986da-8964-4307-8973-28c22842005c;Предписания;;bc5d5e62-6671-4cbd-84e1-0c85dd9c05c2;Есипово V;
14.04.2026;b41a9834-3a94-11ee-8bdc-0050560209df;6293853e-0688-11f1-a55c-005056026d24;;;16ccd2b6-8733-4e49-9222-dd26352906f6;38 от 04.03.2026 Предписания;38;10.03.2026 03:00:00;74;Снято;13;57ce9bed-d183-4216-8eaf-e878da5caec2;ПРОФИ СТРОЙ ООО;347986da-8964-4307-8973-28c22842005c;Предписания;;bc5d5e62-6671-4cbd-84e1-0c85dd9c05c2;Есипово V;
14.04.2026;b41a9834-3a94-11ee-8bdc-0050560209df;0ccd165e-cdbe-11eb-8bb8-005056b93b75;;;e5666256-95a9-44b2-8840-ae91cc139b3e;35 от 19.02.2026 Предписания;35;09.03.2026 03:00:00;73;На ознакомлении;12;8aa88232-504b-42bf-ae39-8b4992d76982;ИС КЛИНИНГ ООО;347986da-8964-4307-8973-28c22842005c;Предписания;;bc5d5e62-6671-4cbd-84e1-0c85dd9c05c2;Есипово V;
14.04.2026;b41a9834-3a94-11ee-8bdc-0050560209df;1244aa21-d445-11f0-a55a-005056026d24;;;1318b581-6423-4d6e-82d2-23f93f78b5f1;36 от 09.03.2026 Предписания;36;09.03.2026 03:00:00;72;Снято;13;68aed029-efce-4947-92db-4ccec28916cd;БИ ТУ БИ КОНСТРАКШЕН ООО;347986da-8964-4307-8973-28c22842005c;Предписания;;bc5d5e62-6671-4cbd-84e1-0c85dd9c05c2;Есипово V;
14.04.2026;b41a9834-3a94-11ee-8bdc-0050560209df;5b6f18cb-3dc3-11ef-af44-0050560209d5;;;79d58c3c-4305-42e5-ab4c-001a021ae5d8;37 от 03.03.2026 Предписания;37;08.03.2026 03:00:00;3;Проект;0;3ef7d17c-770f-4f52-82f7-6dfea031a267;АПЕКС КОНСТРАКШН ООО;347986da-8964-4307-8973-28c22842005c;Предписания;;bc5d5e62-6671-4cbd-84e1-0c85dd9c05c2;Есипово V;на согласование
14.04.2026;;;;;14bb585c-9f73-4092-8d13-37d9b1ade700;О01-04.03.2026 от 04.03.2026 Отказ;О01-04.03.2026;04.03.2026 03:00:00;71;Подписан;8;5c25fb0b-1963-4d4c-9c4c-0224daad6380;TEST PODR 2;5d181059-0ff2-4b38-914a-e328e8b66984;Отказ;К КС04-04.03.2026;f91a9378-e11f-4455-af11-bdaffbd24b85;Тестовый проект Барыши 2;
14.04.2026;;;;;a6b48007-9bbd-40b7-b206-26b30a992594;КС04-04.03.2026 от 04.03.2026 КС;КС04-04.03.2026;04.03.2026 03:00:00;70;Отказ;9;5c25fb0b-1963-4d4c-9c4c-0224daad6380;TEST PODR 2;ab94585d-94df-486d-8ae0-ee2ad10873e6;КС;Полы;f91a9378-e11f-4455-af11-bdaffbd24b85;Тестовый проект Барыши 2;
14.04.2026;;;;;08d826e8-065e-4ab2-aeef-83da9d6d3730;КС03-04.03.2026 от 04.03.2026 КС;КС03-04.03.2026;04.03.2026 03:00:00;69;Подписан;8;5c25fb0b-1963-4d4c-9c4c-0224daad6380;TEST PODR 2;ab94585d-94df-486d-8ae0-ee2ad10873e6;КС;;f91a9378-e11f-4455-af11-bdaffbd24b85;Тестовый проект Барыши 2;
14.04.2026;;;;;b38dc0e6-0e8a-4fd5-acce-5c907f5f8ad1;КС 02-04.03.2026 от 04.03.2026 КС;КС 02-04.03.2026;04.03.2026 03:00:00;68;Согласован;2;5c25fb0b-1963-4d4c-9c4c-0224daad6380;TEST PODR 2;ab94585d-94df-486d-8ae0-ee2ad10873e6;КС;;f91a9378-e11f-4455-af11-bdaffbd24b85;Тестовый проект Барыши 2;
14.04.2026;b41a9834-3a94-11ee-8bdc-0050560209df;1244aa21-d445-11f0-a55a-005056026d24;;;5fac34e4-377c-41c9-b955-0727a1f61da5;1-КЖ1-Е от 04.03.2026 Комплект ИД;1-КЖ1-Е;04.03.2026 03:00:00;67;Проект;0;68aed029-efce-4947-92db-4ccec28916cd;БИ ТУ БИ КОНСТРАКШЕН ООО;6b50bbf7-9383-4eb6-8451-7c27e98cf7fe;Комплект ИД;Монтаж железобетонных фундаментов;bc5d5e62-6671-4cbd-84e1-0c85dd9c05c2;Есипово V;
14.04.2026;;;;;aba16baf-5643-4049-8f3e-311c196f5134;ИД06-03.03.2026 от 04.03.2026 Комплект ИД;ИД06-03.03.2026;03.03.2026 03:00:00;66;Подписан;8;7b6906a6-2ada-4d7d-8c11-bea2836052c6;TEST PODR;6b50bbf7-9383-4eb6-8451-7c27e98cf7fe;Комплект ИД;;f91a9378-e11f-4455-af11-bdaffbd24b85;Тестовый проект Барыши 2;
14.04.2026;;;;;153bbb4f-469a-4a66-bb75-eae7d2217016;КС01-03.03.2026 от 04.03.2026 КС;КС01-03.03.2026;03.03.2026 03:00:00;65;Отказ;9;7b6906a6-2ada-4d7d-8c11-bea2836052c6;TEST PODR;ab94585d-94df-486d-8ae0-ee2ad10873e6;КС;Потолки;f91a9378-e11f-4455-af11-bdaffbd24b85;Тестовый проект Барыши 2;
14.04.2026;;;;;115073fb-cf1f-4537-b4d8-3aeb8003a7bf;ИД05-.03.03.2026 от 03.03.2026 Комплект ИД;ИД05-.03.03.2026;03.03.2026 03:00:00;64;Согласован;2;7b6906a6-2ada-4d7d-8c11-bea2836052c6;TEST PODR;6b50bbf7-9383-4eb6-8451-7c27e98cf7fe;Комплект ИД;Двери;f91a9378-e11f-4455-af11-bdaffbd24b85;Тестовый проект Барыши 2;
14.04.2026;;;;;71104000-bc44-4e90-998f-d506dea0b6ae;ИД04-03.03.2026 от 03.03.2026 Комплект ИД;ИД04-03.03.2026;03.03.2026 03:00:00;63;Подписан;8;7b6906a6-2ada-4d7d-8c11-bea2836052c6;TEST PODR;6b50bbf7-9383-4eb6-8451-7c27e98cf7fe;Комплект ИД;Полы;f91a9378-e11f-4455-af11-bdaffbd24b85;Тестовый проект Барыши 2;
14.04.2026;;;;;73f23f71-2e08-4da2-9e7e-e5addf4d4578;ИД3-03.03.2026 от 03.03.2026 Комплект ИД;ИД3-03.03.2026;03.03.2026 03:00:00;62;Подписан;8;5c25fb0b-1963-4d4c-9c4c-0224daad6380;TEST PODR 2;6b50bbf7-9383-4eb6-8451-7c27e98cf7fe;Комплект ИД;Стены;f91a9378-e11f-4455-af11-bdaffbd24b85;Тестовый проект Барыши 2;
14.04.2026;;;;;86253480-eb42-4cf0-835d-517a5bf8a822;ИД02-03.03.2026 от 03.03.2026 Комплект ИД;ИД02-03.03.2026;03.03.2026 03:00:00;61;Подписан;8;7b6906a6-2ada-4d7d-8c11-bea2836052c6;TEST PODR;6b50bbf7-9383-4eb6-8451-7c27e98cf7fe;Комплект ИД;Стены;f91a9378-e11f-4455-af11-bdaffbd24b85;Тестовый проект Барыши 2;
14.04.2026;;;;;ce184263-0c31-4b21-a4d3-29e76ac9ac9f;ИД01-03.03.2026 от 03.03.2026 Комплект ИД;ИД01-03.03.2026;03.03.2026 03:00:00;60;На согласовании;1;7b6906a6-2ada-4d7d-8c11-bea2836052c6;TEST PODR;6b50bbf7-9383-4eb6-8451-7c27e98cf7fe;Комплект ИД;Фундамент;f91a9378-e11f-4455-af11-bdaffbd24b85;Тестовый проект Барыши 2;
